{
    "info": {
        "_postman_id": "7a3b4c5d-6e7f-8a9b-0c1d-2e3f4a5b6c7d",
        "name": "Alketan API - Comprehensive Tests",
        "schema": "https://schema.getpostman.com/json/collection/v2.1.0/collection.json"
    },
    "item": [
        {
            "name": "01. Auth",
            "item": [
                {
                    "name": "Register",
                    "request": {
                        "method": "POST",
                        "header": [],
                        "body": {
                            "mode": "raw",
                            "raw": "{\n    \"email\": \"testuser@example.com\",\n    \"password\": \"Password123!\",\n    \"firstName\": \"Test\",\n    \"lastName\": \"User\",\n    \"phone\": \"0501234567\"\n}",
                            "options": {
                                "raw": {
                                    "language": "json"
                                }
                            }
                        },
                        "url": {
                            "raw": "{{baseUrl}}/api/auth/register",
                            "host": [
                                "{{baseUrl}}"
                            ],
                            "path": [
                                "api",
                                "auth",
                                "register"
                            ]
                        }
                    },
                    "response": []
                },
                {
                    "name": "Login",
                    "event": [
                        {
                            "listen": "test",
                            "script": {
                                "exec": [
                                    "var jsonData = pm.response.json();",
                                    "if (jsonData.success) {",
                                    "    pm.environment.set(\"accessToken\", jsonData.data.accessToken);",
                                    "    pm.environment.set(\"refreshToken\", jsonData.data.refreshToken);",
                                    "}"
                                ],
                                "type": "text/javascript"
                            }
                        }
                    ],
                    "request": {
                        "method": "POST",
                        "header": [],
                        "body": {
                            "mode": "raw",
                            "raw": "{\n    \"email\": \"testuser@example.com\",\n    \"password\": \"Password123!\"\n}",
                            "options": {
                                "raw": {
                                    "language": "json"
                                }
                            }
                        },
                        "url": {
                            "raw": "{{baseUrl}}/api/auth/login",
                            "host": [
                                "{{baseUrl}}"
                            ],
                            "path": [
                                "api",
                                "auth",
                                "login"
                            ]
                        }
                    },
                    "response": []
                },
                {
                    "name": "Get Profile",
                    "request": {
                        "auth": {
                            "type": "bearer",
                            "bearer": [
                                {
                                    "key": "token",
                                    "value": "{{accessToken}}",
                                    "type": "string"
                                }
                            ]
                        },
                        "method": "GET",
                        "header": [],
                        "url": {
                            "raw": "{{baseUrl}}/api/auth/me",
                            "host": [
                                "{{baseUrl}}"
                            ],
                            "path": [
                                "api",
                                "auth",
                                "me"
                            ]
                        }
                    },
                    "response": []
                },
                {
                    "name": "Refresh Token",
                    "event": [
                        {
                            "listen": "test",
                            "script": {
                                "exec": [
                                    "var jsonData = pm.response.json();",
                                    "if (pm.response.code === 200) {",
                                    "    pm.environment.set(\"accessToken\", jsonData.accessToken);",
                                    "}"
                                ],
                                "type": "text/javascript"
                            }
                        }
                    ],
                    "request": {
                        "method": "POST",
                        "header": [],
                        "body": {
                            "mode": "raw",
                            "raw": "{\n    \"refreshToken\": \"{{refreshToken}}\"\n}",
                            "options": {
                                "raw": {
                                    "language": "json"
                                }
                            }
                        },
                        "url": {
                            "raw": "{{baseUrl}}/api/auth/refresh",
                            "host": [
                                "{{baseUrl}}"
                            ],
                            "path": [
                                "api",
                                "auth",
                                "refresh"
                            ]
                        }
                    },
                    "response": []
                }
            ]
        },
        {
            "name": "02. Hotels",
            "item": [
                {
                    "name": "Get All Hotels",
                    "request": {
                        "auth": {
                            "type": "bearer",
                            "bearer": [
                                {
                                    "key": "token",
                                    "value": "{{accessToken}}",
                                    "type": "string"
                                }
                            ]
                        },
                        "method": "GET",
                        "header": [],
                        "url": {
                            "raw": "{{baseUrl}}/api/hotels?city=Cairo&limit=10&page=1",
                            "host": [
                                "{{baseUrl}}"
                            ],
                            "path": [
                                "api",
                                "hotels"
                            ],
                            "query": [
                                {
                                    "key": "city",
                                    "value": "Cairo"
                                },
                                {
                                    "key": "limit",
                                    "value": "10"
                                },
                                {
                                    "key": "page",
                                    "value": "1"
                                }
                            ]
                        }
                    },
                    "response": []
                },
                {
                    "name": "Search Hotels (Advanced)",
                    "request": {
                        "auth": {
                            "type": "bearer",
                            "bearer": [
                                {
                                    "key": "token",
                                    "value": "{{accessToken}}",
                                    "type": "string"
                                }
                            ]
                        },
                        "method": "GET",
                        "header": [],
                        "url": {
                            "raw": "{{baseUrl}}/api/search/hotels?q=Luxor&checkIn=2025-01-01&checkOut=2025-01-05&guests=2",
                            "host": [
                                "{{baseUrl}}"
                            ],
                            "path": [
                                "api",
                                "search",
                                "hotels"
                            ],
                            "query": [
                                {
                                    "key": "q",
                                    "value": "Luxor"
                                },
                                {
                                    "key": "checkIn",
                                    "value": "2025-01-01"
                                },
                                {
                                    "key": "checkOut",
                                    "value": "2025-01-05"
                                },
                                {
                                    "key": "guests",
                                    "value": "2"
                                }
                            ]
                        }
                    },
                    "response": []
                },
                {
                    "name": "Create Hotel (Admin Only)",
                    "request": {
                        "auth": {
                            "type": "bearer",
                            "bearer": [
                                {
                                    "key": "token",
                                    "value": "{{accessToken}}",
                                    "type": "string"
                                }
                            ]
                        },
                        "method": "POST",
                        "header": [],
                        "body": {
                            "mode": "raw",
                            "raw": "{\n    \"name\": \"Test Hotel Luxor\",\n    \"nameAr\": \"فندق الاختبار الأقصر\",\n    \"description\": \"Luxury hotel in Luxor\",\n    \"city\": \"Luxor\",\n    \"country\": \"Egypt\",\n    \"address\": \"Nile Bank\",\n    \"amenities\": [\"WIFI\", \"POOL\", \"SPA\"]\n}",
                            "options": {
                                "raw": {
                                    "language": "json"
                                }
                            }
                        },
                        "url": {
                            "raw": "{{baseUrl}}/api/hotels",
                            "host": [
                                "{{baseUrl}}"
                            ],
                            "path": [
                                "api",
                                "hotels"
                            ]
                        }
                    },
                    "response": []
                }
            ]
        },
        {
            "name": "03. Rooms",
            "item": [
                {
                    "name": "Get Rooms by Hotel",
                    "request": {
                        "auth": {
                            "type": "bearer",
                            "bearer": [
                                {
                                    "key": "token",
                                    "value": "{{accessToken}}",
                                    "type": "string"
                                }
                            ]
                        },
                        "method": "GET",
                        "header": [],
                        "url": {
                            "raw": "{{baseUrl}}/api/rooms?hotelId={{targetHotelId}}",
                            "host": [
                                "{{baseUrl}}"
                            ],
                            "path": [
                                "api",
                                "rooms"
                            ],
                            "query": [
                                {
                                    "key": "hotelId",
                                    "value": "{{targetHotelId}}"
                                }
                            ]
                        }
                    },
                    "response": []
                },
                {
                    "name": "Create Room (Admin/Manager)",
                    "request": {
                        "auth": {
                            "type": "bearer",
                            "bearer": [
                                {
                                    "key": "token",
                                    "value": "{{accessToken}}",
                                    "type": "string"
                                }
                            ]
                        },
                        "method": "POST",
                        "header": [],
                        "body": {
                            "mode": "raw",
                            "raw": "{\n    \"hotelId\": \"{{targetHotelId}}\",\n    \"number\": \"101\",\n    \"type\": \"DOUBLE\",\n    \"price\": 150,\n    \"capacity\": 2,\n    \"floor\": 1,\n    \"amenities\": [\"AC\", \"TV\"]\n}",
                            "options": {
                                "raw": {
                                    "language": "json"
                                }
                            }
                        },
                        "url": {
                            "raw": "{{baseUrl}}/api/rooms",
                            "host": [
                                "{{baseUrl}}"
                            ],
                            "path": [
                                "api",
                                "rooms"
                            ]
                        }
                    },
                    "response": []
                }
            ]
        },
        {
            "name": "04. Bookings",
            "item": [
                {
                    "name": "Create Booking",
                    "request": {
                        "auth": {
                            "type": "bearer",
                            "bearer": [
                                {
                                    "key": "token",
                                    "value": "{{accessToken}}",
                                    "type": "string"
                                }
                            ]
                        },
                        "method": "POST",
                        "header": [],
                        "body": {
                            "mode": "raw",
                            "raw": "{\n    \"hotelId\": \"{{targetHotelId}}\",\n    \"roomId\": \"{{targetRoomId}}\",\n    \"checkIn\": \"2025-02-01\",\n    \"checkOut\": \"2025-02-05\",\n    \"guests\": 2,\n    \"specialRequests\": \"High floor please\"\n}",
                            "options": {
                                "raw": {
                                    "language": "json"
                                }
                            }
                        },
                        "url": {
                            "raw": "{{baseUrl}}/api/bookings",
                            "host": [
                                "{{baseUrl}}"
                            ],
                            "path": [
                                "api",
                                "bookings"
                            ]
                        }
                    },
                    "response": []
                },
                {
                    "name": "Get My Bookings",
                    "request": {
                        "auth": {
                            "type": "bearer",
                            "bearer": [
                                {
                                    "key": "token",
                                    "value": "{{accessToken}}",
                                    "type": "string"
                                }
                            ]
                        },
                        "method": "GET",
                        "header": [],
                        "url": {
                            "raw": "{{baseUrl}}/api/bookings",
                            "host": [
                                "{{baseUrl}}"
                            ],
                            "path": [
                                "api",
                                "bookings"
                            ]
                        }
                    },
                    "response": []
                }
            ]
        },
        {
            "name": "05. Invoices",
            "item": [
                {
                    "name": "Get Invoices",
                    "request": {
                        "auth": {
                            "type": "bearer",
                            "bearer": [
                                {
                                    "key": "token",
                                    "value": "{{accessToken}}",
                                    "type": "string"
                                }
                            ]
                        },
                        "method": "GET",
                        "header": [],
                        "url": {
                            "raw": "{{baseUrl}}/api/invoices",
                            "host": [
                                "{{baseUrl}}"
                            ],
                            "path": [
                                "api",
                                "invoices"
                            ]
                        }
                    },
                    "response": []
                },
                {
                    "name": "Generate Invoice for Booking",
                    "request": {
                        "auth": {
                            "type": "bearer",
                            "bearer": [
                                {
                                    "key": "token",
                                    "value": "{{accessToken}}",
                                    "type": "string"
                                }
                            ]
                        },
                        "method": "POST",
                        "header": [],
                        "body": {
                            "mode": "raw",
                            "raw": "{\n    \"bookingId\": \"{{targetBookingId}}\"\n}",
                            "options": {
                                "raw": {
                                    "language": "json"
                                }
                            }
                        },
                        "url": {
                            "raw": "{{baseUrl}}/api/invoices",
                            "host": [
                                "{{baseUrl}}"
                            ],
                            "path": [
                                "api",
                                "invoices"
                            ]
                        }
                    },
                    "response": []
                }
            ]
        },
        {
            "name": "06. Loyalty",
            "item": [
                {
                    "name": "Get My Loyalty Points",
                    "request": {
                        "auth": {
                            "type": "bearer",
                            "bearer": [
                                {
                                    "key": "token",
                                    "value": "{{accessToken}}",
                                    "type": "string"
                                }
                            ]
                        },
                        "method": "GET",
                        "header": [],
                        "url": {
                            "raw": "{{baseUrl}}/api/loyalty/points",
                            "host": [
                                "{{baseUrl}}"
                            ],
                            "path": [
                                "api",
                                "loyalty",
                                "points"
                            ]
                        }
                    },
                    "response": []
                }
            ]
        },
        {
            "name": "07. Features",
            "item": [
                {
                    "name": "Get Features",
                    "request": {
                        "auth": {
                            "type": "bearer",
                            "bearer": [
                                {
                                    "key": "token",
                                    "value": "{{accessToken}}",
                                    "type": "string"
                                }
                            ]
                        },
                        "method": "GET",
                        "header": [],
                        "url": {
                            "raw": "{{baseUrl}}/api/features?category=HOTEL",
                            "host": [
                                "{{baseUrl}}"
                            ],
                            "path": [
                                "api",
                                "features"
                            ],
                            "query": [
                                {
                                    "key": "category",
                                    "value": "HOTEL"
                                }
                            ]
                        }
                    },
                    "response": []
                }
            ]
        }
    ],
    "variable": [
        {
            "key": "baseUrl",
            "value": "http://localhost:3000",
            "type": "string"
        },
        {
            "key": "accessToken",
            "value": "",
            "type": "string"
        },
        {
            "key": "refreshToken",
            "value": "",
            "type": "string"
        },
        {
            "key": "targetHotelId",
            "value": "hotel_cuid_here",
            "type": "string"
        },
        {
            "key": "targetRoomId",
            "value": "room_cuid_here",
            "type": "string"
        },
        {
            "key": "targetBookingId",
            "value": "booking_cuid_here",
            "type": "string"
        }
    ]
}